Valentina,51,Goiânia
Sarah,38,Teresina
Isabella,35,Campo Grande
Lara,38,Osasco
Ana Luiza,24,Santo André
Lucas,51,Campinas
Theo,34,Recife
Melissa,60,Ribeirão Preto
Heitor,31,Osasco
Isabelly,70,Sorocaba
Emanuelly,34,Cuiabá
Joaquim,39,Cidade Várzea Grande
Ana Julia,56,Belo Horizonte
Isadora,31,Porto Alegre
Caio,30,Recife
Eduardo,26,Cidade Cuiabá
Yasmin,50,Manaus
Beatriz,44,Cidade Cáceres
Benjamin,70,Sorocaba
Mariana,69,Sorocaba
Murilo,18,São Gonçalo
Lucca,24,São Paulo
Bernardo,27,Cidade Sinop
Pedro Henrique,26,Aracaju
João Pedro,63,Cidade Rondonópolis
Arthur,21,Santo André
Julia,21,Cidade Sinop
Nicole,38,João Pessoa
Gabriela,44,Cidade Cáceres
Sarah,20,Sorocaba
Isaac,18,Cidade Rondonópolis
Maria Luiza,63,Campinas
Gustavo,68,Nova Iguaçu
Bryan,39,Cuiabá
Felipe,18,Brasília
Leonardo,28,Uberlândia
Beatriz,36,Cidade Cuiabá
Maria Clara,22,João Pessoa
Clara,70,Cidade Várzea Grande
Isadora,32,Santo André
Rafael,69,Campo Grande
Maria Eduarda,54,Teresina
Vinicius,47,Recife
Vitor,41,Uberlândia
Giovanna,59,Brasília
Mariana,43,Sorocaba
Lívia,18,Manaus
João,29,São Bernardo do Campo
João Miguel,67,São Gonçalo
Manuela,44,São Bernardo do Campo
Lorena,56,Porto Alegre
Luiza,66,Belo Horizonte
Matheus,60,Uberlândia
Cauã,34,Teresina
Davi,51,João Pessoa
Cauã,65,São José dos Campos
Ana Julia,29,Sorocaba
João Vitor,33,Salvador
Gabriel,46,Cidade Tangará da Serra
Isaac,28,Rio de Janeiro
Daniel,67,Campo Grande
Pietro,51,Maceió
Henrique,29,Cidade Sinop
Ana Beatriz,33,Juiz de Fora
Leonardo,49,Cuiabá
Nicolas,49,Recife
Laura,39,Belo Horizonte
Nicolas,66,São Gonçalo
Felipe,67,Nova Iguaçu
Maria Luiza,63,Rio de Janeiro
Lorenzo,18,Brasília
Rebeca,47,Brasília
Letícia,24,Maceió
Gustavo,55,Matões
Marina,42,Goiânia
Lorenzo,63,Curitiba
Lívia,42,Cidade Sinop
Daniel,53,Matões
Rafaela,45,Duque de Caxias
Maria Clara,53,Matões
Guilherme,25,Teresina
Enzo,30,Manaus
Vitor,20,Salvador
Samuel,43,Osasco
Helena,30,Cidade Várzea Grande
Esther,64,Cidade Tangará da Serra
Alice,53,São Gonçalo
Cecília,32,São José dos Campos
Caio,45,Curitiba
Miguel,37,Cidade Tangará da Serra
Pietro,18,Ribeirão Preto
Vinicius,54,Maceió
Isabelly,44,São Gonçalo
Letícia,40,Osasco
Pedro,43,Duque de Caxias
Ana Luiza,36,Aracaju
Sophia,61,Juiz de Fora
Heloísa,45,Aracaju
Lara,61,São Paulo
Ana Clara,26,São Gonçalo